name,phone,email,company
Walter,1-572-725-6685,velit@duiaugue.ca,Purus Maecenas Ltd
Barrett,1-183-263-5671,accumsan.sed.facilisis@massa.org,Iaculis Industries
Donovan,1-490-733-9774,felis.orci.adipiscing@magnaet.net,Mollis Incorporated
Shelly,1-653-725-9133,In.mi@Sed.net,Lectus LLC
Brenda,1-341-406-3329,sed.hendrerit@anequeNullam.ca,Non Dui Limited
Martina,1-955-995-5801,molestie@aliquetlobortisnisi.com,Per Inceptos Corp.
Erich,1-841-243-6762,ultricies@Nullamscelerisque.edu,Quam Elementum Ltd
Maite,1-227-682-9932,sem.ut@nonummyultricies.net,Congue Inc.
Brendan,1-664-963-5479,nunc.nulla@MaurisnullaInteger.edu,Scelerisque Dui Suspendisse LLC
Nomlanga,1-522-309-2338,Etiam.ligula@molestiepharetranibh.ca,Ipsum Foundation
Nelle,1-958-811-8571,Sed@loremvehiculaet.co.uk,Porttitor Corporation
Avram,1-882-462-5103,lacinia@justosit.com,Porttitor Corporation
Nash,1-879-699-2727,parturient@augue.com,Lacus Inc.
Natalie,1-919-417-4345,dolor.quam@nibhPhasellus.co.uk,Libero Ltd
Jack,1-135-987-5683,sapien.imperdiet.ornare@Integer.co.uk,Nunc Interdum Feugiat Consulting
George,1-141-550-9022,consectetuer@lectus.edu,Ornare Company
Amelia,1-422-946-5940,Nulla.eget.metus@convallisdolorQuisque.net,Elementum Sem LLP
Unity,1-395-967-7760,arcu.Nunc@eleifendnuncrisus.net,Sit Amet Associates
Marvin,1-164-721-8423,sem.consequat.nec@sedpedeCum.org,Dui Nec Limited
Signe,1-728-611-6919,nec.tellus@Crasvehicula.ca,Ultrices Duis Volutpat Limited
Dillon,1-978-648-1257,at@Maurisblanditenim.co.uk,Ligula Foundation
Cyrus,1-656-468-0662,dictum@velfaucibusid.edu,Rhoncus Proin Ltd
Maris,1-581-483-9076,sollicitudin.commodo.ipsum@sagittisplaceratCras.co.uk,Porttitor Institute
Zephr,1-736-354-7225,erat.in@euarcuMorbi.org,Dignissim Consulting
Geoffrey,1-579-494-1629,Nunc.laoreet@eu.edu,Rutrum Non Inc.
Jolie,1-383-664-5690,tortor.at.risus@adipiscing.co.uk,Dictum Industries
Jermaine,1-173-364-1702,aliquet.libero.Integer@ullamcorperDuis.ca,Nulla Semper Tellus Consulting
Mikayla,1-556-953-2317,arcu.Aliquam@libero.org,In Magna Phasellus Incorporated
Myles,1-507-603-2185,non.justo@sodalesatvelit.com,At Pretium Incorporated
Malcolm,1-993-203-7304,iaculis@anteNunc.org,Phasellus Corporation
Kitra,1-678-513-2472,erat.neque@loremfringillaornare.edu,Hendrerit Donec Corp.
Akeem,1-866-902-0787,Duis@tellusfaucibusleo.edu,Lobortis Quis Pede Associates
Signe,1-144-865-7378,nascetur.ridiculus.mus@dolorsit.ca,Vestibulum Massa Corp.
Genevieve,1-889-450-6820,sit.amet.diam@egestasa.com,Velit Associates
Kai,1-982-567-6217,mauris@Morbi.org,Amet Metus Institute
Russell,1-687-127-8170,mollis@risus.edu,Donec Consectetuer Mauris Limited
Cassandra,1-450-715-9728,arcu.et.pede@utcursus.net,Eu Dolor Egestas Consulting
Lesley,1-979-204-8614,facilisis.eget.ipsum@aliquetodio.edu,Leo Morbi Neque Institute
Clare,1-555-380-0681,lectus.a.sollicitudin@eu.org,Sit Corp.
Kamal,1-653-681-6408,Nulla.eget@atiaculisquis.com,Tristique Senectus Associates
Wynter,1-562-570-4572,vel@at.ca,Amet Nulla Donec Company
Stephen,1-148-803-0183,et.magnis@adipiscinglobortis.co.uk,Aenean Eget Corporation
Zoe,1-606-864-6637,condimentum.eget.volutpat@ut.org,Quisque Tincidunt Pede Corp.
Rhea,1-614-476-5571,diam@Donec.com,Commodo Associates
Ramona,1-448-220-7284,ante.ipsum.primis@risusodioauctor.net,Eu LLP
Hollee,1-590-572-1462,lacus@velitegestas.edu,Urna Consulting
Mary,1-909-213-0389,sit.amet.orci@justoProinnon.co.uk,Sed Consulting
Fritz,1-444-733-0822,sem@ridiculusmusProin.com,Tincidunt Tempus Industries
Peter,1-835-383-2975,gravida.non.sollicitudin@eueuismod.ca,Imperdiet Ornare In LLC
Hammett,1-429-773-6479,aliquet.libero@dictumProin.net,Tincidunt Industries
Kalia,1-129-201-5629,ullamcorper@ullamcorper.ca,Amet Ante Ltd
Althea,1-341-298-9073,et.ultrices.posuere@ut.net,Et Ultrices Company
Fritz,1-520-982-5535,libero.mauris.aliquam@dictumeleifendnunc.net,Tincidunt Vehicula Risus Institute
Len,1-581-966-5516,ac@rutrum.co.uk,Nullam LLC
Caldwell,1-284-189-4042,sociis.natoque@ataugueid.ca,Eget Nisi Inc.
Armando,1-315-425-1922,turpis@ligula.org,Ultricies Dignissim Lacus Industries
Bethany,1-160-840-1312,Nunc.mauris.sapien@primisin.co.uk,Eu Dui Consulting
Hyacinth,1-385-970-6247,In@malesuadaut.edu,Aliquam Erat Ltd
Libby,1-169-182-6555,eget.dictum.placerat@mauris.ca,Nisl Maecenas Corp.
Cade,1-445-402-6084,sit@Suspendisse.ca,Mauris Nulla Integer Limited
Judah,1-393-634-7006,feugiat@vitae.net,Lectus Convallis Est Inc.
Kasper,1-608-503-5657,metus.In@sagittis.ca,Donec Fringilla Donec LLP
Rudyard,1-155-411-9695,diam.at.pretium@idmagnaet.com,Dolor Quam PC
Zachery,1-828-599-1215,est.tempor@fringillaDonecfeugiat.edu,Ante Dictum Mi Company
Xavier,1-238-744-8584,Suspendisse.commodo.tincidunt@porttitor.ca,Tincidunt Nunc Associates
Jael,1-439-423-9748,neque.sed.sem@luctusvulputate.co.uk,Id Erat Etiam Corporation
Alma,1-906-873-1414,mi@mollisnon.co.uk,Nec Corp.
Keith,1-762-240-2892,congue.In.scelerisque@etrutrum.ca,Aliquet Molestie Institute
Kane,1-269-394-0752,vitae@felis.net,Pede Incorporated
Randall,1-922-299-5464,fringilla@Inscelerisquescelerisque.co.uk,Non Institute
Lance,1-160-609-3384,sociis.natoque@ullamcorper.org,Fringilla Donec Feugiat LLP
Melyssa,1-931-330-6093,iaculis@quam.ca,Mauris Ut Consulting
Roary,1-397-194-9422,lacus@portaelit.edu,Faucibus Morbi Vehicula PC
Raya,1-572-814-7273,Suspendisse@scelerisque.ca,Iaculis Associates
Zeus,1-119-129-7993,et.netus@eget.co.uk,Pharetra Ut Company
Isaac,1-832-671-1475,dictum.mi@eu.net,Ante Foundation
Vivian,1-596-304-3535,ipsum@Etiambibendum.com,Ante PC
McKenzie,1-505-575-4601,magna.Cras.convallis@pellentesquetellus.edu,Commodo Tincidunt Corp.
Wilma,1-546-681-0280,quis.diam@nislQuisquefringilla.co.uk,Rutrum Urna Nec Ltd
Quamar,1-420-687-9792,neque.Nullam@Maurisvestibulum.com,Purus LLP
Salvador,1-112-894-9712,Nam@acmetusvitae.ca,Sed Orci PC
Wade,1-202-584-2431,interdum@nec.net,Aliquet Libero Corp.
Austin,1-601-914-2327,cubilia@asollicitudinorci.co.uk,Donec Tempor Institute
Lavinia,1-451-462-4763,arcu.Vestibulum.ut@eteros.edu,Nisi Aenean Corp.
Ginger,1-939-432-1470,volutpat.nunc@faucibusorci.net,In Ltd
Price,1-688-974-5758,posuere.cubilia.Curae@sociis.ca,Dui Lectus Rutrum Inc.
Emerson,1-803-823-2096,vitae.aliquam.eros@ac.net,Euismod Est Arcu Company
Arthur,1-546-766-6250,fermentum.metus@volutpatNullafacilisis.net,Odio Semper Cursus LLC
Cody,1-923-915-1056,non.egestas@eunulla.com,Orci Luctus Et Incorporated
Ima,1-688-310-0230,Nunc@odioPhasellus.com,Ante Dictum Industries
Jeanette,1-353-240-2645,rutrum@tellus.com,Cras Lorem Lorem Incorporated
Kevin,1-132-652-3756,commodo.auctor@quamquis.org,Est Nunc Company
Jana,1-921-936-7292,amet.ornare.lectus@Donecporttitor.com,Risus Corp.
Aquila,1-994-634-6254,congue.In.scelerisque@orci.co.uk,Sed Diam PC
Grace,1-345-811-9328,magna.malesuada.vel@malesuadafamesac.net,Fames Ac Turpis Foundation
Adam,1-194-706-0228,dignissim@magnaPhasellus.net,Purus In Molestie Foundation
Martina,1-452-236-9698,et.rutrum@ullamcorper.ca,Magnis PC
Russell,1-255-873-8692,enim.Suspendisse@eu.com,Mauris Magna Institute
Halla,1-244-847-9446,dolor.Fusce@natoque.com,Pharetra Foundation
Linus,1-166-270-8788,sodales.nisi@acturpis.co.uk,Ridiculus Mus Donec Inc.
